"","County","Date","confirmed_cases_per_day","year","month","week"
"1","Bexar",2020-03-06,0,"2020","3","10"
"2","Bexar",2020-03-07,0,"2020","3","10"
"3","Bexar",2020-03-08,0,"2020","3","10"
"4","Bexar",2020-03-09,0,"2020","3","10"
"5","Bexar",2020-03-10,0,"2020","3","10"
"6","Bexar",2020-03-11,0,"2020","3","11"
"7","Bexar",2020-03-12,1,"2020","3","11"
"8","Bexar",2020-03-13,0,"2020","3","11"
"9","Bexar",2020-03-14,0,"2020","3","11"
"10","Bexar",2020-03-15,0,"2020","3","11"
"11","Bexar",2020-03-16,2,"2020","3","11"
"12","Bexar",2020-03-17,1,"2020","3","11"
"13","Bexar",2020-03-18,20,"2020","3","12"
"14","Bexar",2020-03-19,9,"2020","3","12"
"15","Bexar",2020-03-20,13,"2020","3","12"
"16","Bexar",2020-03-21,9,"2020","3","12"
"17","Bexar",2020-03-22,10,"2020","3","12"
"18","Bexar",2020-03-23,13,"2020","3","12"
"19","Bexar",2020-03-24,19,"2020","3","12"
"20","Bexar",2020-03-25,30,"2020","3","13"
"21","Bexar",2020-03-26,10,"2020","3","13"
"22","Bexar",2020-03-27,21,"2020","3","13"
"23","Bexar",2020-03-28,20,"2020","3","13"
"24","Bexar",2020-03-29,16,"2020","3","13"
"25","Bexar",2020-03-30,34,"2020","3","13"
"26","Bexar",2020-03-31,31,"2020","3","13"
"27","Bexar",2020-04-01,31,"2020","4","14"
"28","Bexar",2020-04-02,50,"2020","4","14"
"29","Bexar",2020-04-03,46,"2020","4","14"
"30","Bexar",2020-04-04,31,"2020","4","14"
"31","Bexar",2020-04-05,44,"2020","4","14"
"32","Bexar",2020-04-06,48,"2020","4","14"
"33","Bexar",2020-04-07,52,"2020","4","14"
"34","Bexar",2020-04-08,65,"2020","4","15"
"35","Bexar",2020-04-09,61,"2020","4","15"
"36","Bexar",2020-04-10,64,"2020","4","15"
"37","Bexar",2020-04-11,59,"2020","4","15"
"38","Bexar",2020-04-12,1,"2020","4","15"
"39","Bexar",2020-04-13,58,"2020","4","15"
"40","Bexar",2020-04-14,81,"2020","4","15"
"41","Bexar",2020-04-15,31,"2020","4","16"
"42","Bexar",2020-04-16,50,"2020","4","16"
"43","Bexar",2020-04-17,40,"2020","4","16"
"44","Bexar",2020-04-18,23,"2020","4","16"
"45","Bexar",2020-04-19,8,"2020","4","16"
"46","Bexar",2020-04-20,57,"2020","4","16"
"47","Bexar",2020-04-21,51,"2020","4","16"
"48","Bexar",2020-04-22,38,"2020","4","17"
"49","Bexar",2020-04-23,30,"2020","4","17"
"50","Bexar",2020-04-24,20,"2020","4","17"
"51","Bexar",2020-04-25,25,"2020","4","17"
"52","Bexar",2020-04-26,24,"2020","4","17"
"53","Bexar",2020-04-27,27,"2020","4","17"
"54","Bexar",2020-04-28,15,"2020","4","17"
"55","Bexar",2020-04-29,53,"2020","4","18"
"56","Bexar",2020-04-30,36,"2020","4","18"
"57","Bexar",2020-05-01,44,"2020","5","18"
"58","Bexar",2020-05-02,107,"2020","5","18"
"59","Bexar",2020-05-03,22,"2020","5","18"
"60","Bexar",2020-05-04,23,"2020","5","18"
"61","Bexar",2020-05-05,31,"2020","5","18"
"62","Bexar",2020-05-06,45,"2020","5","19"
"63","Bexar",2020-05-07,28,"2020","5","19"
"64","Bexar",2020-05-08,41,"2020","5","19"
"65","Bexar",2020-05-09,17,"2020","5","19"
"66","Bexar",2020-05-10,0,"2020","5","19"
"67","Bexar",2020-05-11,35,"2020","5","19"
"68","Bexar",2020-05-12,42,"2020","5","19"
"69","Bexar",2020-05-13,65,"2020","5","20"
"70","Bexar",2020-05-14,35,"2020","5","20"
"71","Bexar",2020-05-15,55,"2020","5","20"
"72","Bexar",2020-05-16,0,"2020","5","20"
"73","Bexar",2020-05-17,0,"2020","5","20"
"74","Bexar",2020-05-18,77,"2020","5","20"
"75","Bexar",2020-05-19,42,"2020","5","20"
"76","Bexar",2020-05-20,59,"2020","5","21"
"77","Bexar",2020-05-21,29,"2020","5","21"
"78","Bexar",2020-05-22,27,"2020","5","21"
"79","Bexar",2020-05-23,17,"2020","5","21"
"80","Bexar",2020-05-24,9,"2020","5","21"
"81","Bexar",2020-05-25,1,"2020","5","21"
"82","Bexar",2020-05-26,59,"2020","5","21"
"83","Bexar",2020-05-27,49,"2020","5","22"
"84","Bexar",2020-05-28,39,"2020","5","22"
"85","Bexar",2020-05-29,109,"2020","5","22"
"86","Bexar",2020-05-30,20,"2020","5","22"
"87","Bexar",2020-05-31,22,"2020","5","22"
"88","Bexar",2020-06-01,30,"2020","6","22"
"89","Bexar",2020-06-02,58,"2020","6","22"
"90","Bexar",2020-06-03,56,"2020","6","23"
"91","Bexar",2020-06-04,106,"2020","6","23"
"92","Bexar",2020-06-05,139,"2020","6","23"
"93","Bexar",2020-06-06,51,"2020","6","23"
"94","Bexar",2020-06-07,13,"2020","6","23"
"95","Bexar",2020-06-08,107,"2020","6","23"
"96","Bexar",2020-06-09,131,"2020","6","23"
"97","Bexar",2020-06-10,116,"2020","6","24"
"98","Bexar",2020-06-11,139,"2020","6","24"
"99","Bexar",2020-06-12,161,"2020","6","24"
"100","Bexar",2020-06-13,113,"2020","6","24"
"101","Bexar",2020-06-14,79,"2020","6","24"
"102","Bexar",2020-06-15,311,"2020","6","24"
"103","Bexar",2020-06-16,274,"2020","6","24"
"104","Bexar",2020-06-17,361,"2020","6","25"
"105","Bexar",2020-06-18,316,"2020","6","25"
"106","Bexar",2020-06-19,391,"2020","6","25"
"107","Bexar",2020-06-20,500,"2020","6","25"
"108","Bexar",2020-06-21,261,"2020","6","25"
"109","Bexar",2020-06-22,180,"2020","6","25"
"110","Bexar",2020-06-23,469,"2020","6","25"
"111","Bexar",2020-06-24,574,"2020","6","26"
"112","Bexar",2020-06-25,359,"2020","6","26"
"113","Bexar",2020-06-26,478,"2020","6","26"
"114","Bexar",2020-06-27,443,"2020","6","26"
"115","Bexar",2020-06-28,535,"2020","6","26"
"116","Bexar",2020-06-29,882,"2020","6","26"
"117","Bexar",2020-06-30,564,"2020","6","26"
"118","Bexar",2020-07-01,663,"2020","7","27"
"119","Bexar",2020-07-02,589,"2020","7","27"
"120","Bexar",2020-07-03,366,"2020","7","27"
"121","Bexar",2020-07-04,307,"2020","7","27"
"122","Bexar",2020-07-05,597,"2020","7","27"
"123","Bexar",2020-07-06,625,"2020","7","27"
"124","Bexar",2020-07-07,643,"2020","7","27"
"125","Bexar",2020-07-08,1054,"2020","7","28"
"126","Bexar",2020-07-09,336,"2020","7","28"
"127","Bexar",2020-07-10,359,"2020","7","28"
"128","Bexar",2020-07-11,366,"2020","7","28"
"129","Bexar",2020-07-12,331,"2020","7","28"
"130","Bexar",2020-07-13,720,"2020","7","28"
"131","Bexar",2020-07-14,685,"2020","7","28"
"132","Bexar",2020-07-15,948,"2020","7","29"
"133","Bexar",2020-07-16,745,"2020","7","29"
"134","Bexar",2020-07-17,705,"2020","7","29"
"135","Bexar",2020-07-18,3745,"2020","7","29"
"136","Bexar",2020-07-19,673,"2020","7","29"
"137","Bexar",2020-07-20,1384,"2020","7","29"
"138","Bexar",2020-07-21,1212,"2020","7","29"
"139","Bexar",2020-07-22,1063,"2020","7","30"
"140","Bexar",2020-07-23,1046,"2020","7","30"
"141","Bexar",2020-07-24,907,"2020","7","30"
"142","Bexar",2020-07-25,574,"2020","7","30"
"143","Bexar",2020-07-26,161,"2020","7","30"
"144","Bexar",2020-07-27,989,"2020","7","30"
"145","Bexar",2020-07-28,1027,"2020","7","30"
"146","Bexar",2020-07-29,874,"2020","7","31"
"147","Bexar",2020-07-30,800,"2020","7","31"
"148","Bexar",2020-07-31,789,"2020","7","31"
"149","Bexar",2020-08-01,675,"2020","8","31"
"150","Bexar",2020-08-02,253,"2020","8","31"
"151","Bexar",2020-08-03,76,"2020","8","31"
"152","Bexar",2020-08-04,574,"2020","8","31"
"153","Bexar",2020-08-05,1536,"2020","8","32"
"154","Bexar",2020-08-06,554,"2020","8","32"
"155","Bexar",2020-08-07,409,"2020","8","32"
"156","Bexar",2020-08-08,639,"2020","8","32"
"157","Bexar",2020-08-09,895,"2020","8","32"
"158","Bexar",2020-08-10,569,"2020","8","32"
"159","Bexar",2020-08-11,893,"2020","8","32"
"160","Bexar",2020-08-12,602,"2020","8","33"
"161","Bexar",2020-08-13,468,"2020","8","33"
"162","Bexar",2020-08-14,1163,"2020","8","33"
"163","Bexar",2020-08-15,683,"2020","8","33"
"164","Bexar",2020-08-16,45,"2020","8","33"
"165","Bexar",2020-08-17,346,"2020","8","33"
"166","Bexar",2020-08-18,499,"2020","8","33"
"167","Bexar",2020-08-19,285,"2020","8","34"
"168","Bexar",2020-08-20,215,"2020","8","34"
"169","Bexar",2020-08-21,209,"2020","8","34"
"170","Bexar",2020-08-22,204,"2020","8","34"
"171","Bexar",2020-08-23,166,"2020","8","34"
"172","Bexar",2020-08-24,123,"2020","8","34"
"173","Bexar",2020-08-25,220,"2020","8","34"
"174","Bexar",2020-08-26,279,"2020","8","35"
"175","Bexar",2020-08-27,363,"2020","8","35"
"176","Bexar",2020-08-28,320,"2020","8","35"
"177","Bexar",2020-08-29,247,"2020","8","35"
"178","Bexar",2020-08-30,41,"2020","8","35"
"179","Bexar",2020-08-31,194,"2020","8","35"
"180","Bexar",2020-09-01,250,"2020","9","35"
"181","Bexar",2020-09-02,208,"2020","9","36"
"182","Bexar",2020-09-03,181,"2020","9","36"
"183","Bexar",2020-09-04,219,"2020","9","36"
"184","Bexar",2020-09-05,243,"2020","9","36"
"185","Bexar",2020-09-06,70,"2020","9","36"
"186","Bexar",2020-09-07,78,"2020","9","36"
"187","Bexar",2020-09-08,155,"2020","9","36"
"188","Bexar",2020-09-09,98,"2020","9","37"
"189","Bexar",2020-09-10,152,"2020","9","37"
"190","Bexar",2020-09-11,121,"2020","9","37"
"191","Bexar",2020-09-12,156,"2020","9","37"
"192","Bexar",2020-09-13,282,"2020","9","37"
"193","Bexar",2020-09-14,138,"2020","9","37"
"194","Bexar",2020-09-15,133,"2020","9","37"
"195","Bexar",2020-09-16,154,"2020","9","38"
"196","Bexar",2020-09-17,153,"2020","9","38"
"197","Bexar",2020-09-18,197,"2020","9","38"
"198","Bexar",2020-09-19,241,"2020","9","38"
"199","Bexar",2020-09-20,79,"2020","9","38"
"200","Bexar",2020-09-21,183,"2020","9","38"
"201","Bexar",2020-09-22,123,"2020","9","38"
"202","Bexar",2020-09-23,179,"2020","9","39"
"203","Bexar",2020-09-24,442,"2020","9","39"
"204","Bexar",2020-09-25,112,"2020","9","39"
"205","Bexar",2020-09-26,38,"2020","9","39"
"206","Bexar",2020-09-27,53,"2020","9","39"
"207","Bexar",2020-09-28,382,"2020","9","39"
"208","Bexar",2020-09-29,165,"2020","9","39"
"209","Bexar",2020-09-30,97,"2020","9","40"
"210","Bexar",2020-10-01,104,"2020","10","40"
"211","Bexar",2020-10-02,117,"2020","10","40"
"212","Bexar",2020-10-03,116,"2020","10","40"
"213","Bexar",2020-10-04,60,"2020","10","40"
"214","Bexar",2020-10-05,148,"2020","10","40"
"215","Bexar",2020-10-06,159,"2020","10","40"
"216","Bexar",2020-10-07,141,"2020","10","41"
"217","Bexar",2020-10-08,147,"2020","10","41"
"218","Bexar",2020-10-09,47,"2020","10","41"
"219","Bexar",2020-10-10,73,"2020","10","41"
"220","Bexar",2020-10-11,48,"2020","10","41"
"221","Bexar",2020-10-12,146,"2020","10","41"
"222","Bexar",2020-10-13,93,"2020","10","41"
"223","Bexar",2020-10-14,168,"2020","10","42"
"224","Bexar",2020-10-15,161,"2020","10","42"
"225","Bexar",2020-10-16,179,"2020","10","42"
"226","Bexar",2020-10-17,99,"2020","10","42"
"227","Bexar",2020-10-18,84,"2020","10","42"
"228","Bexar",2020-10-19,187,"2020","10","42"
"229","Bexar",2020-10-20,143,"2020","10","42"
"230","Bexar",2020-10-21,122,"2020","10","43"
"231","Bexar",2020-10-22,176,"2020","10","43"
"232","Bexar",2020-10-23,171,"2020","10","43"
"233","Bexar",2020-10-24,106,"2020","10","43"
"234","Bexar",2020-10-25,115,"2020","10","43"
"235","Bexar",2020-10-26,97,"2020","10","43"
"236","Bexar",2020-10-27,237,"2020","10","43"
"237","Bexar",2020-10-28,171,"2020","10","44"
"238","Bexar",2020-10-29,131,"2020","10","44"
"239","Bexar",2020-10-30,214,"2020","10","44"
"240","Bexar",2020-10-31,154,"2020","10","44"
"241","Bexar",2020-11-01,125,"2020","11","44"
"242","Bexar",2020-11-02,249,"2020","11","44"
"243","Bexar",2020-11-03,157,"2020","11","44"
"244","Bexar",2020-11-04,141,"2020","11","45"
"245","Bexar",2020-11-05,160,"2020","11","45"
"246","Bexar",2020-11-06,158,"2020","11","45"
"247","Bexar",2020-11-07,59,"2020","11","45"
"248","Bexar",2020-11-08,326,"2020","11","45"
"249","Bexar",2020-11-09,262,"2020","11","45"
"250","Bexar",2020-11-10,251,"2020","11","45"
"251","Bexar",2020-11-11,225,"2020","11","46"
"252","Bexar",2020-11-12,297,"2020","11","46"
"253","Bexar",2020-11-13,289,"2020","11","46"
"254","Bexar",2020-11-14,107,"2020","11","46"
"255","Bexar",2020-11-15,151,"2020","11","46"
"256","Bexar",2020-11-16,122,"2020","11","46"
"257","Bexar",2020-11-17,244,"2020","11","46"
"258","Bexar",2020-11-18,383,"2020","11","47"
"259","Bexar",2020-11-19,825,"2020","11","47"
"260","Bexar",2020-11-20,365,"2020","11","47"
"261","Bexar",2020-11-21,487,"2020","11","47"
"262","Bexar",2020-11-22,596,"2020","11","47"
"263","Bexar",2020-11-23,839,"2020","11","47"
"264","Bexar",2020-11-24,874,"2020","11","47"
"265","Bexar",2020-11-25,664,"2020","11","48"
"266","Bexar",2020-11-26,186,"2020","11","48"
"267","Bexar",2020-11-27,933,"2020","11","48"
"268","Bexar",2020-11-28,1113,"2020","11","48"
"269","Bexar",2020-11-29,996,"2020","11","48"
"270","Bexar",2020-11-30,297,"2020","11","48"
"271","Bexar",2020-12-01,1224,"2020","12","48"
"272","Bexar",2020-12-02,567,"2020","12","49"
"273","Bexar",2020-12-03,1228,"2020","12","49"
"274","Bexar",2020-12-04,479,"2020","12","49"
"275","Bexar",2020-12-05,859,"2020","12","49"
"276","Bexar",2020-12-06,1043,"2020","12","49"
"277","Bexar",2020-12-07,985,"2020","12","49"
"278","Bexar",2020-12-08,497,"2020","12","49"
"279","Bexar",2020-12-09,888,"2020","12","50"
"280","Bexar",2020-12-10,908,"2020","12","50"
"281","Bexar",2020-12-11,765,"2020","12","50"
"282","Bexar",2020-12-12,553,"2020","12","50"
"283","Bexar",2020-12-13,643,"2020","12","50"
"284","Bexar",2020-12-14,1296,"2020","12","50"
"285","Bexar",2020-12-15,1172,"2020","12","50"
"286","Bexar",2020-12-16,1345,"2020","12","51"
"287","Bexar",2020-12-17,756,"2020","12","51"
"288","Bexar",2020-12-18,654,"2020","12","51"
"289","Bexar",2020-12-19,617,"2020","12","51"
"290","Bexar",2020-12-20,1185,"2020","12","51"
"291","Bexar",2020-12-21,1544,"2020","12","51"
"292","Bexar",2020-12-22,1465,"2020","12","51"
"293","Bexar",2020-12-23,1148,"2020","12","52"
"294","Bexar",2020-12-24,865,"2020","12","52"
"295","Bexar",2020-12-25,1204,"2020","12","52"
"296","Bexar",2020-12-26,1026,"2020","12","52"
"297","Bexar",2020-12-27,23,"2020","12","52"
"298","Bexar",2020-12-28,845,"2020","12","52"
"299","Bexar",2020-12-29,1954,"2020","12","52"
"300","Bexar",2020-12-30,1164,"2020","12","53"
"301","Bexar",2020-12-31,749,"2020","12","53"
"302","Bexar",2021-01-01,7,"2021","1","1"
"303","Bexar",2021-01-02,6,"2021","1","1"
"304","Bexar",2021-01-03,995,"2021","1","1"
"305","Bexar",2021-01-04,1611,"2021","1","1"
"306","Bexar",2021-01-05,1602,"2021","1","1"
"307","Bexar",2021-01-06,815,"2021","1","1"
"308","Bexar",2021-01-07,769,"2021","1","1"
"309","Bexar",2021-01-08,1157,"2021","1","2"
"310","Bexar",2021-01-09,2530,"2021","1","2"
"311","Bexar",2021-01-10,1269,"2021","1","2"
"312","Bexar",2021-01-11,1949,"2021","1","2"
"313","Bexar",2021-01-12,1015,"2021","1","2"
"314","Bexar",2021-01-13,1895,"2021","1","2"
"315","Bexar",2021-01-14,2650,"2021","1","2"
"316","Bexar",2021-01-15,2540,"2021","1","3"
"317","Bexar",2021-01-16,1598,"2021","1","3"
"318","Bexar",2021-01-17,1036,"2021","1","3"
"319","Bexar",2021-01-18,2151,"2021","1","3"
"320","Bexar",2021-01-19,681,"2021","1","3"
"321","Bexar",2021-01-20,2314,"2021","1","3"
"322","Bexar",2021-01-21,2039,"2021","1","3"
"323","Bexar",2021-01-22,1538,"2021","1","4"
"324","Bexar",2021-01-23,195,"2021","1","4"
"325","Bexar",2021-01-24,1880,"2021","1","4"
"326","Bexar",2021-01-25,1006,"2021","1","4"
"327","Bexar",2021-01-26,3497,"2021","1","4"
"328","Bexar",2021-01-27,1800,"2021","1","4"
"329","Bexar",2021-01-28,1420,"2021","1","4"
"330","Bexar",2021-01-29,1918,"2021","1","5"
"331","Bexar",2021-01-30,147,"2021","1","5"
"332","Bexar",2021-01-31,1969,"2021","1","5"
"333","Bexar",2021-02-01,1136,"2021","2","5"
"334","Bexar",2021-02-02,839,"2021","2","5"
"335","Bexar",2021-02-03,765,"2021","2","5"
"336","Bexar",2021-02-04,2798,"2021","2","5"
"337","Bexar",2021-02-05,499,"2021","2","6"
"338","Bexar",2021-02-06,638,"2021","2","6"
"339","Bexar",2021-02-07,206,"2021","2","6"
"340","Bexar",2021-02-08,1260,"2021","2","6"
"341","Bexar",2021-02-09,525,"2021","2","6"
"342","Bexar",2021-02-10,785,"2021","2","6"
"343","Bexar",2021-02-11,627,"2021","2","6"
"344","Bexar",2021-02-12,610,"2021","2","7"
"345","Bexar",2021-02-13,426,"2021","2","7"
"346","Bexar",2021-02-14,557,"2021","2","7"
"347","Bexar",2021-02-15,175,"2021","2","7"
"348","Bexar",2021-02-16,2820,"2021","2","7"
"349","Bexar",2021-02-17,229,"2021","2","7"
"350","Bexar",2021-02-18,86,"2021","2","7"
"351","Bexar",2021-02-19,72,"2021","2","8"
"352","Bexar",2021-02-20,51,"2021","2","8"
"353","Bexar",2021-02-21,203,"2021","2","8"
"354","Bexar",2021-02-22,249,"2021","2","8"
"355","Bexar",2021-02-23,317,"2021","2","8"
"356","Bexar",2021-02-24,368,"2021","2","8"
"357","Bexar",2021-02-25,504,"2021","2","8"
"358","Bexar",2021-02-26,517,"2021","2","9"
"359","Bexar",2021-02-27,268,"2021","2","9"
"360","Bexar",2021-02-28,272,"2021","2","9"
"361","Bexar",2021-03-01,290,"2021","3","9"
"362","Bexar",2021-03-02,144,"2021","3","9"
"363","Bexar",2021-03-03,272,"2021","3","9"
"364","Bexar",2021-03-04,277,"2021","3","9"
"365","Bexar",2021-03-05,123,"2021","3","10"
"366","Bexar",2021-03-06,15,"2021","3","10"
"367","Bexar",2021-03-07,197,"2021","3","10"
"368","Bexar",2021-03-08,156,"2021","3","10"
"369","Bexar",2021-03-09,100,"2021","3","10"
"370","Bexar",2021-03-10,322,"2021","3","10"
"371","Bexar",2021-03-11,172,"2021","3","10"
"372","Bexar",2021-03-12,76,"2021","3","11"
"373","Bexar",2021-03-13,150,"2021","3","11"
"374","Bexar",2021-03-14,128,"2021","3","11"
"375","Bexar",2021-03-15,173,"2021","3","11"
"376","Bexar",2021-03-16,173,"2021","3","11"
"377","Bexar",2021-03-17,88,"2021","3","11"
"378","Bexar",2021-03-18,151,"2021","3","11"
"379","Bexar",2021-03-19,275,"2021","3","12"
"380","Bexar",2021-03-20,131,"2021","3","12"
"381","Bexar",2021-03-21,127,"2021","3","12"
"382","Bexar",2021-03-22,207,"2021","3","12"
"383","Bexar",2021-03-23,150,"2021","3","12"
"384","Bexar",2021-03-24,226,"2021","3","12"
"385","Bexar",2021-03-25,236,"2021","3","12"
"386","Bexar",2021-03-26,147,"2021","3","13"
"387","Bexar",2021-03-27,306,"2021","3","13"
"388","Bexar",2021-03-28,142,"2021","3","13"
"389","Bexar",2021-03-29,163,"2021","3","13"
"390","Bexar",2021-03-30,176,"2021","3","13"
"391","Bexar",2021-03-31,279,"2021","3","13"
"392","Bexar",2021-04-01,199,"2021","4","13"
"393","Bexar",2021-04-02,82,"2021","4","14"
"394","Bexar",2021-04-03,306,"2021","4","14"
"395","Bexar",2021-04-04,313,"2021","4","14"
"396","Bexar",2021-04-05,271,"2021","4","14"
"397","Bexar",2021-04-06,296,"2021","4","14"
"398","Bexar",2021-04-07,205,"2021","4","14"
"399","Bexar",2021-04-08,270,"2021","4","14"
"400","Bexar",2021-04-09,205,"2021","4","15"
"401","Bexar",2021-04-10,172,"2021","4","15"
"402","Bexar",2021-04-11,244,"2021","4","15"
"403","Bexar",2021-04-12,271,"2021","4","15"
"404","Bexar",2021-04-13,269,"2021","4","15"
"405","Bexar",2021-04-14,143,"2021","4","15"
"406","Bexar",2021-04-15,87,"2021","4","15"
"407","Bexar",2021-04-16,180,"2021","4","16"
"408","Bexar",2021-04-17,238,"2021","4","16"
"409","Bexar",2021-04-18,47,"2021","4","16"
"410","Bexar",2021-04-19,414,"2021","4","16"
"411","Bexar",2021-04-20,228,"2021","4","16"
"412","Bexar",2021-04-21,247,"2021","4","16"
"413","Bexar",2021-04-22,100,"2021","4","16"
"414","Bexar",2021-04-23,274,"2021","4","17"
"415","Bexar",2021-04-24,109,"2021","4","17"
"416","Bexar",2021-04-25,177,"2021","4","17"
"417","Bexar",2021-04-26,154,"2021","4","17"
"418","Bexar",2021-04-27,337,"2021","4","17"
"419","Bexar",2021-04-28,220,"2021","4","17"
"420","Bexar",2021-04-29,230,"2021","4","17"
"421","Bexar",2021-04-30,242,"2021","4","18"
"422","Bexar",2021-05-01,165,"2021","5","18"
"423","Bexar",2021-05-02,170,"2021","5","18"
"424","Bexar",2021-05-03,135,"2021","5","18"
"425","Bexar",2021-05-04,77,"2021","5","18"
"426","Bexar",2021-05-05,149,"2021","5","18"
"427","Bexar",2021-05-06,110,"2021","5","18"
"428","Bexar",2021-05-07,322,"2021","5","19"
"429","Bexar",2021-05-08,166,"2021","5","19"
"430","Bexar",2021-05-09,95,"2021","5","19"
"431","Bexar",2021-05-10,163,"2021","5","19"
"432","Bexar",2021-05-11,138,"2021","5","19"
"433","Bexar",2021-05-12,203,"2021","5","19"
"434","Bexar",2021-05-13,107,"2021","5","19"
"435","Bexar",2021-05-14,55,"2021","5","20"
"436","Bexar",2021-05-15,97,"2021","5","20"
"437","Bexar",2021-05-16,231,"2021","5","20"
"438","Bexar",2021-05-17,149,"2021","5","20"
"439","Bexar",2021-05-18,114,"2021","5","20"
"440","Bexar",2021-05-19,127,"2021","5","20"
"441","Bexar",2021-05-20,66,"2021","5","20"
"442","Bexar",2021-05-21,122,"2021","5","21"
"443","Bexar",2021-05-22,118,"2021","5","21"
"444","Bexar",2021-05-23,149,"2021","5","21"
"445","Bexar",2021-05-24,118,"2021","5","21"
"446","Bexar",2021-05-25,14,"2021","5","21"
"447","Bexar",2021-05-26,151,"2021","5","21"
"448","Bexar",2021-05-27,122,"2021","5","21"
"449","Bexar",2021-05-28,114,"2021","5","22"
"450","Bexar",2021-05-29,81,"2021","5","22"
"451","Bexar",2021-05-30,51,"2021","5","22"
"452","Bexar",2021-05-31,47,"2021","5","22"
"453","Bexar",2021-06-01,108,"2021","6","22"
"454","Bexar",2021-06-02,93,"2021","6","22"
"455","Bexar",2021-06-03,91,"2021","6","22"
"456","Bexar",2021-06-04,89,"2021","6","23"
"457","Bexar",2021-06-05,61,"2021","6","23"
"458","Bexar",2021-06-06,91,"2021","6","23"
"459","Bexar",2021-06-07,44,"2021","6","23"
"460","Bexar",2021-06-08,74,"2021","6","23"
"461","Bexar",2021-06-09,155,"2021","6","23"
"462","Bexar",2021-06-10,44,"2021","6","23"
"463","Bexar",2021-06-11,80,"2021","6","24"
"464","Bexar",2021-06-12,33,"2021","6","24"
"465","Bexar",2021-06-13,49,"2021","6","24"
"466","Bexar",2021-06-14,141,"2021","6","24"
"467","Bexar",2021-06-15,126,"2021","6","24"
"468","Bexar",2021-06-16,109,"2021","6","24"
"469","Bexar",2021-06-17,50,"2021","6","24"
"470","Bexar",2021-06-18,91,"2021","6","25"
"471","Bexar",2021-06-19,58,"2021","6","25"
"472","Bexar",2021-06-20,95,"2021","6","25"
"473","Bexar",2021-06-21,81,"2021","6","25"
"474","Bexar",2021-06-22,99,"2021","6","25"
"475","Bexar",2021-06-23,30,"2021","6","25"
"476","Bexar",2021-06-24,130,"2021","6","25"
"477","Bexar",2021-06-25,90,"2021","6","26"
"478","Bexar",2021-06-26,51,"2021","6","26"
"479","Bexar",2021-06-27,60,"2021","6","26"
"480","Bexar",2021-06-28,149,"2021","6","26"
"481","Bexar",2021-06-29,94,"2021","6","26"
"482","Bexar",2021-06-30,67,"2021","6","26"
"483","Bexar",2021-07-01,59,"2021","7","26"
"484","Bexar",2021-07-02,142,"2021","7","27"
"485","Bexar",2021-07-03,53,"2021","7","27"
"486","Bexar",2021-07-04,70,"2021","7","27"
"487","Bexar",2021-07-05,173,"2021","7","27"
"488","Bexar",2021-07-06,84,"2021","7","27"
"489","Bexar",2021-07-07,146,"2021","7","27"
"490","Bexar",2021-07-08,130,"2021","7","27"
"491","Bexar",2021-07-09,323,"2021","7","28"
"492","Bexar",2021-07-10,231,"2021","7","28"
"493","Bexar",2021-07-11,131,"2021","7","28"
"494","Bexar",2021-07-12,381,"2021","7","28"
"495","Bexar",2021-07-13,154,"2021","7","28"
"496","Bexar",2021-07-14,325,"2021","7","28"
"497","Bexar",2021-07-15,293,"2021","7","28"
"498","Bexar",2021-07-16,264,"2021","7","29"
"499","Bexar",2021-07-17,26,"2021","7","29"
"500","Bexar",2021-07-18,18,"2021","7","29"
"501","Bexar",2021-07-19,292,"2021","7","29"
"502","Bexar",2021-07-20,598,"2021","7","29"
"503","Bexar",2021-07-21,613,"2021","7","29"
"504","Bexar",2021-07-22,463,"2021","7","29"
"505","Bexar",2021-07-23,491,"2021","7","30"
"506","Bexar",2021-07-24,737,"2021","7","30"
"507","Bexar",2021-07-25,460,"2021","7","30"
"508","Bexar",2021-07-26,449,"2021","7","30"
"509","Bexar",2021-07-27,1066,"2021","7","30"
"510","Bexar",2021-07-28,933,"2021","7","30"
"511","Bexar",2021-07-29,767,"2021","7","30"
"512","Bexar",2021-07-30,837,"2021","7","31"
"513","Bexar",2021-07-31,1417,"2021","7","31"
"514","Bexar",2021-08-01,740,"2021","8","31"
"515","Bexar",2021-08-02,887,"2021","8","31"
"516","Bexar",2021-08-03,1917,"2021","8","31"
"517","Bexar",2021-08-04,1005,"2021","8","31"
"518","Bexar",2021-08-05,1172,"2021","8","31"
"519","Bexar",2021-08-06,1069,"2021","8","32"
"520","Bexar",2021-08-07,408,"2021","8","32"
"521","Bexar",2021-08-08,966,"2021","8","32"
"522","Bexar",2021-08-09,1272,"2021","8","32"
"523","Bexar",2021-08-10,1836,"2021","8","32"
"524","Bexar",2021-08-11,1239,"2021","8","32"
"525","Bexar",2021-08-12,1704,"2021","8","32"
"526","Bexar",2021-08-13,1722,"2021","8","33"
"527","Bexar",2021-08-14,1287,"2021","8","33"
"528","Bexar",2021-08-15,362,"2021","8","33"
"529","Bexar",2021-08-16,2034,"2021","8","33"
"530","Bexar",2021-08-17,1787,"2021","8","33"
"531","Bexar",2021-08-18,1393,"2021","8","33"
"532","Bexar",2021-08-19,1058,"2021","8","33"
"533","Bexar",2021-08-20,1317,"2021","8","34"
"534","Bexar",2021-08-21,822,"2021","8","34"
"535","Bexar",2021-08-22,264,"2021","8","34"
"536","Bexar",2021-08-23,1025,"2021","8","34"
"537","Bexar",2021-08-24,1132,"2021","8","34"
"538","Bexar",2021-08-25,1113,"2021","8","34"
"539","Bexar",2021-08-26,1429,"2021","8","34"
"540","Bexar",2021-08-27,1019,"2021","8","35"
"541","Bexar",2021-08-28,1470,"2021","8","35"
"542","Bexar",2021-08-29,14,"2021","8","35"
"543","Bexar",2021-08-30,763,"2021","8","35"
"544","Bexar",2021-08-31,1631,"2021","8","35"
"545","Bexar",2021-09-01,1210,"2021","9","35"
"546","Bexar",2021-09-02,1294,"2021","9","35"
"547","Bexar",2021-09-03,1072,"2021","9","36"
"548","Bexar",2021-09-04,1180,"2021","9","36"
"549","Bexar",2021-09-05,742,"2021","9","36"
"550","Bexar",2021-09-06,984,"2021","9","36"
"551","Bexar",2021-09-07,854,"2021","9","36"
"552","Bexar",2021-09-08,887,"2021","9","36"
"553","Bexar",2021-09-09,553,"2021","9","36"
"554","Bexar",2021-09-10,877,"2021","9","37"
"555","Bexar",2021-09-11,596,"2021","9","37"
"556","Bexar",2021-09-12,848,"2021","9","37"
"557","Bexar",2021-09-13,699,"2021","9","37"
"558","Bexar",2021-09-14,1075,"2021","9","37"
"559","Bexar",2021-09-15,660,"2021","9","37"
"560","Bexar",2021-09-16,697,"2021","9","37"
"561","Bexar",2021-09-17,588,"2021","9","38"
"562","Bexar",2021-09-18,609,"2021","9","38"
"563","Bexar",2021-09-19,143,"2021","9","38"
"564","Bexar",2021-09-20,346,"2021","9","38"
"565","Bexar",2021-09-21,772,"2021","9","38"
"566","Bexar",2021-09-22,524,"2021","9","38"
"567","Bexar",2021-09-23,631,"2021","9","38"
"568","Bexar",2021-09-24,479,"2021","9","39"
"569","Bexar",2021-09-25,557,"2021","9","39"
"570","Bexar",2021-09-26,453,"2021","9","39"
"571","Bexar",2021-09-27,387,"2021","9","39"
"572","Bexar",2021-09-28,574,"2021","9","39"
"573","Bexar",2021-09-29,389,"2021","9","39"
"574","Bexar",2021-09-30,326,"2021","9","39"
"575","Bexar",2021-10-01,366,"2021","10","40"
"576","Bexar",2021-10-02,476,"2021","10","40"
"577","Bexar",2021-10-03,277,"2021","10","40"
"578","Bexar",2021-10-04,299,"2021","10","40"
"579","Bexar",2021-10-05,373,"2021","10","40"
"580","Bexar",2021-10-06,337,"2021","10","40"
"581","Bexar",2021-10-07,253,"2021","10","40"
"582","Bexar",2021-10-08,445,"2021","10","41"
"583","Bexar",2021-10-09,328,"2021","10","41"
"584","Bexar",2021-10-10,155,"2021","10","41"
"585","Bexar",2021-10-11,435,"2021","10","41"
"586","Bexar",2021-10-12,279,"2021","10","41"
"587","Bexar",2021-10-13,271,"2021","10","41"
"588","Bexar",2021-10-14,216,"2021","10","41"
"589","Bexar",2021-10-15,255,"2021","10","42"
"590","Bexar",2021-10-16,176,"2021","10","42"
"591","Bexar",2021-10-17,184,"2021","10","42"
"592","Bexar",2021-10-18,193,"2021","10","42"
"593","Bexar",2021-10-19,280,"2021","10","42"
"594","Bexar",2021-10-20,242,"2021","10","42"
"595","Bexar",2021-10-21,181,"2021","10","42"
"596","Bexar",2021-10-22,193,"2021","10","43"
"597","Bexar",2021-10-23,160,"2021","10","43"
"598","Bexar",2021-10-24,172,"2021","10","43"
"599","Bexar",2021-10-25,136,"2021","10","43"
"600","Bexar",2021-10-26,190,"2021","10","43"
"601","Bexar",2021-10-27,158,"2021","10","43"
"602","Bexar",2021-10-28,164,"2021","10","43"
"603","Bexar",2021-10-29,152,"2021","10","44"
"604","Bexar",2021-10-30,173,"2021","10","44"
"605","Bexar",2021-10-31,142,"2021","10","44"
"606","Bexar",2021-11-01,178,"2021","11","44"
"607","Bexar",2021-11-02,105,"2021","11","44"
"608","Bexar",2021-11-03,143,"2021","11","44"
"609","Bexar",2021-11-04,115,"2021","11","44"
"610","Bexar",2021-11-05,124,"2021","11","45"
"611","Bexar",2021-11-06,137,"2021","11","45"
"612","Bexar",2021-11-07,135,"2021","11","45"
"613","Bexar",2021-11-08,133,"2021","11","45"
"614","Bexar",2021-11-09,188,"2021","11","45"
"615","Bexar",2021-11-10,145,"2021","11","45"
"616","Bexar",2021-11-11,153,"2021","11","45"
"617","Bexar",2021-11-12,185,"2021","11","46"
"618","Bexar",2021-11-13,178,"2021","11","46"
"619","Bexar",2021-11-14,139,"2021","11","46"
"620","Bexar",2021-11-15,202,"2021","11","46"
"621","Bexar",2021-11-16,177,"2021","11","46"
"622","Bexar",2021-11-17,141,"2021","11","46"
"623","Bexar",2021-11-18,138,"2021","11","46"
"624","Bexar",2021-11-19,100,"2021","11","47"
"625","Bexar",2021-11-20,66,"2021","11","47"
"626","Bexar",2021-11-21,174,"2021","11","47"
"627","Bexar",2021-11-22,251,"2021","11","47"
"628","Bexar",2021-11-23,142,"2021","11","47"
"629","Bexar",2021-11-24,172,"2021","11","47"
"630","Bexar",2021-11-25,101,"2021","11","47"
"631","Bexar",2021-11-26,118,"2021","11","48"
"632","Bexar",2021-11-27,106,"2021","11","48"
"633","Bexar",2021-11-28,120,"2021","11","48"
"634","Bexar",2021-11-29,162,"2021","11","48"
"635","Bexar",2021-11-30,162,"2021","11","48"
"636","Bexar",2021-12-01,197,"2021","12","48"
"637","Bexar",2021-12-02,184,"2021","12","48"
"638","Bexar",2021-12-03,276,"2021","12","49"
"639","Bexar",2021-12-04,233,"2021","12","49"
"640","Bexar",2021-12-05,227,"2021","12","49"
"641","Bexar",2021-12-06,332,"2021","12","49"
"642","Bexar",2021-12-07,272,"2021","12","49"
"643","Bexar",2021-12-08,245,"2021","12","49"
"644","Bexar",2021-12-09,180,"2021","12","49"
"645","Bexar",2021-12-10,267,"2021","12","50"
"646","Bexar",2021-12-11,108,"2021","12","50"
"647","Bexar",2021-12-12,228,"2021","12","50"
"648","Bexar",2021-12-13,212,"2021","12","50"
"649","Bexar",2021-12-14,194,"2021","12","50"
"650","Bexar",2021-12-15,203,"2021","12","50"
"651","Bexar",2021-12-16,234,"2021","12","50"
"652","Bexar",2021-12-17,236,"2021","12","51"
"653","Bexar",2021-12-18,238,"2021","12","51"
"654","Bexar",2021-12-19,323,"2021","12","51"
"655","Bexar",2021-12-20,460,"2021","12","51"
"656","Bexar",2021-12-21,365,"2021","12","51"
"657","Bexar",2021-12-22,316,"2021","12","51"
"658","Bexar",2021-12-23,583,"2021","12","51"
"659","Bexar",2021-12-24,717,"2021","12","52"
"660","Bexar",2021-12-25,303,"2021","12","52"
"661","Bexar",2021-12-26,851,"2021","12","52"
"662","Bexar",2021-12-27,657,"2021","12","52"
"663","Bexar",2021-12-28,444,"2021","12","52"
"664","Bexar",2021-12-29,446,"2021","12","52"
"665","Bexar",2021-12-30,729,"2021","12","52"
"666","Bexar",2021-12-31,3431,"2021","12","53"
"667","Bexar",2022-01-01,3536,"2022","1","1"
"668","Bexar",2022-01-02,3213,"2022","1","1"
"669","Bexar",2022-01-03,3566,"2022","1","1"
"670","Bexar",2022-01-04,4298,"2022","1","1"
"671","Bexar",2022-01-05,2750,"2022","1","1"
"672","Bexar",2022-01-06,1932,"2022","1","1"
"673","Bexar",2022-01-07,4450,"2022","1","1"
"674","Bexar",2022-01-08,3905,"2022","1","2"
"675","Bexar",2022-01-09,3362,"2022","1","2"
"676","Bexar",2022-01-10,4044,"2022","1","2"
"677","Bexar",2022-01-11,4388,"2022","1","2"
"678","Bexar",2022-01-12,8131,"2022","1","2"
"679","Bexar",2022-01-13,5515,"2022","1","2"
"680","Bexar",2022-01-14,3756,"2022","1","2"
"681","Bexar",2022-01-15,7115,"2022","1","3"
"682","Bexar",2022-01-16,4092,"2022","1","3"
"683","Bexar",2022-01-17,8669,"2022","1","3"
"684","Bexar",2022-01-18,5633,"2022","1","3"
"685","Bexar",2022-01-19,6832,"2022","1","3"
"686","Bexar",2022-01-20,5670,"2022","1","3"
"687","Bexar",2022-01-21,5551,"2022","1","3"
"688","Bexar",2022-01-22,4920,"2022","1","4"
"689","Bexar",2022-01-23,3720,"2022","1","4"
"690","Bexar",2022-01-24,6649,"2022","1","4"
"691","Bexar",2022-01-25,5372,"2022","1","4"
"692","Bexar",2022-01-26,4562,"2022","1","4"
"693","Bexar",2022-01-27,4335,"2022","1","4"
"694","Bexar",2022-01-28,4568,"2022","1","4"
"695","Bexar",2022-01-29,4755,"2022","1","5"
"696","Bexar",2022-01-30,2513,"2022","1","5"
"697","Bexar",2022-01-31,2666,"2022","1","5"
"698","Bexar",2022-02-01,5504,"2022","2","5"
"699","Bexar",2022-02-02,2695,"2022","2","5"
"700","Bexar",2022-02-03,1860,"2022","2","5"
"701","Bexar",2022-02-04,1637,"2022","2","5"
"702","Bexar",2022-02-05,1725,"2022","2","6"
"703","Bexar",2022-02-06,2281,"2022","2","6"
"704","Bexar",2022-02-07,1463,"2022","2","6"
"705","Bexar",2022-02-08,1153,"2022","2","6"
"706","Bexar",2022-02-09,871,"2022","2","6"
"707","Bexar",2022-02-10,1012,"2022","2","6"
"708","Bexar",2022-02-11,1100,"2022","2","6"
"709","Bexar",2022-02-12,871,"2022","2","7"
"710","Bexar",2022-02-13,707,"2022","2","7"
"711","Bexar",2022-02-14,410,"2022","2","7"
"712","Bexar",2022-02-15,1236,"2022","2","7"
"713","Bexar",2022-02-16,509,"2022","2","7"
"714","Bexar",2022-02-17,492,"2022","2","7"
"715","Bexar",2022-02-18,405,"2022","2","7"
"716","Bexar",2022-02-19,608,"2022","2","8"
"717","Bexar",2022-02-20,167,"2022","2","8"
"718","Bexar",2022-02-21,307,"2022","2","8"
"719","Bexar",2022-02-22,575,"2022","2","8"
"720","Bexar",2022-02-23,288,"2022","2","8"
"721","Bexar",2022-02-24,355,"2022","2","8"
"722","Bexar",2022-02-25,342,"2022","2","8"
"723","Bexar",2022-02-26,297,"2022","2","9"
"724","Bexar",2022-02-27,89,"2022","2","9"
"725","Bexar",2022-02-28,582,"2022","2","9"
"726","Bexar",2022-03-01,361,"2022","3","9"
"727","Bexar",2022-03-02,261,"2022","3","9"
"728","Bexar",2022-03-03,227,"2022","3","9"
"729","Bexar",2022-03-04,267,"2022","3","9"
"730","Bexar",2022-03-05,248,"2022","3","10"
"731","Bexar",2022-03-06,46,"2022","3","10"
"732","Bexar",2022-03-07,160,"2022","3","10"
"733","Bexar",2022-03-08,222,"2022","3","10"
"734","Bexar",2022-03-09,211,"2022","3","10"
"735","Bexar",2022-03-10,175,"2022","3","10"
"736","Bexar",2022-03-11,187,"2022","3","10"
"737","Bexar",2022-03-12,182,"2022","3","11"
"738","Bexar",2022-03-13,67,"2022","3","11"
"739","Bexar",2022-03-14,41,"2022","3","11"
"740","Bexar",2022-03-15,181,"2022","3","11"
"741","Bexar",2022-03-16,189,"2022","3","11"
"742","Bexar",2022-03-17,140,"2022","3","11"
"743","Bexar",2022-03-18,156,"2022","3","11"
"744","Bexar",2022-03-19,35,"2022","3","12"
"745","Bexar",2022-03-20,81,"2022","3","12"
"746","Bexar",2022-03-21,33,"2022","3","12"
"747","Bexar",2022-03-22,83,"2022","3","12"
"748","Bexar",2022-03-23,142,"2022","3","12"
"749","Bexar",2022-03-24,129,"2022","3","12"
"750","Bexar",2022-03-25,106,"2022","3","12"
"751","Bexar",2022-03-26,2392,"2022","3","13"
"752","Bexar",2022-03-27,22,"2022","3","13"
"753","Bexar",2022-03-28,12,"2022","3","13"
"754","Bexar",2022-03-29,204,"2022","3","13"
"755","Bexar",2022-03-30,128,"2022","3","13"
"756","Bexar",2022-03-31,144,"2022","3","13"
"757","Bexar",2022-04-01,40,"2022","4","13"
"758","Bexar",2022-04-02,115,"2022","4","14"
"759","Bexar",2022-04-03,56,"2022","4","14"
"760","Bexar",2022-04-04,59,"2022","4","14"
"761","Bexar",2022-04-05,189,"2022","4","14"
"762","Bexar",2022-04-06,154,"2022","4","14"
"763","Bexar",2022-04-07,137,"2022","4","14"
"764","Bexar",2022-04-08,126,"2022","4","14"
"765","Bexar",2022-04-09,62,"2022","4","15"
"766","Bexar",2022-04-10,47,"2022","4","15"
"767","Bexar",2022-04-11,49,"2022","4","15"
"768","Bexar",2022-04-12,175,"2022","4","15"
"769","Bexar",2022-04-13,166,"2022","4","15"
"770","Bexar",2022-04-14,177,"2022","4","15"
"771","Bexar",2022-04-15,153,"2022","4","15"
"772","Bexar",2022-04-16,195,"2022","4","16"
"773","Bexar",2022-04-17,56,"2022","4","16"
"774","Bexar",2022-04-18,89,"2022","4","16"
"775","Bexar",2022-04-19,176,"2022","4","16"
"776","Bexar",2022-04-20,159,"2022","4","16"
"777","Bexar",2022-04-21,157,"2022","4","16"
"778","Bexar",2022-04-22,208,"2022","4","16"
"779","Bexar",2022-04-23,151,"2022","4","17"
"780","Bexar",2022-04-24,111,"2022","4","17"
"781","Bexar",2022-04-25,95,"2022","4","17"
"782","Bexar",2022-04-26,157,"2022","4","17"
"783","Bexar",2022-04-27,204,"2022","4","17"
"784","Bexar",2022-04-28,201,"2022","4","17"
"785","Bexar",2022-04-29,165,"2022","4","17"
"786","Bexar",2022-04-30,199,"2022","4","18"
"787","Bexar",2022-05-01,138,"2022","5","18"
"788","Bexar",2022-05-02,94,"2022","5","18"
"789","Bexar",2022-05-03,158,"2022","5","18"
"790","Bexar",2022-05-04,144,"2022","5","18"
"791","Bexar",2022-05-05,162,"2022","5","18"
"792","Bexar",2022-05-06,208,"2022","5","18"
"793","Bexar",2022-05-07,213,"2022","5","19"
"794","Bexar",2022-05-08,136,"2022","5","19"
"795","Bexar",2022-05-09,127,"2022","5","19"
"796","Bexar",2022-05-10,259,"2022","5","19"
"797","Bexar",2022-05-11,240,"2022","5","19"
"798","Bexar",2022-05-12,260,"2022","5","19"
"799","Bexar",2022-05-13,241,"2022","5","19"
"800","Bexar",2022-05-14,242,"2022","5","20"
"801","Bexar",2022-05-15,159,"2022","5","20"
"802","Bexar",2022-05-16,112,"2022","5","20"
"803","Bexar",2022-05-17,192,"2022","5","20"
"804","Bexar",2022-05-18,318,"2022","5","20"
"805","Bexar",2022-05-19,305,"2022","5","20"
"806","Bexar",2022-05-20,360,"2022","5","20"
"807","Bexar",2022-05-21,321,"2022","5","21"
"808","Bexar",2022-05-22,304,"2022","5","21"
"809","Bexar",2022-05-23,225,"2022","5","21"
"810","Bexar",2022-05-24,272,"2022","5","21"
"811","Bexar",2022-05-25,313,"2022","5","21"
"812","Bexar",2022-05-26,437,"2022","5","21"
"813","Bexar",2022-05-27,391,"2022","5","21"
"814","Bexar",2022-05-28,416,"2022","5","22"
"815","Bexar",2022-05-29,284,"2022","5","22"
"816","Bexar",2022-05-30,325,"2022","5","22"
"817","Bexar",2022-05-31,235,"2022","5","22"
"818","Bexar",2022-06-01,358,"2022","6","22"
"819","Bexar",2022-06-02,487,"2022","6","22"
"820","Bexar",2022-06-03,629,"2022","6","22"
"821","Bexar",2022-06-04,514,"2022","6","23"
"822","Bexar",2022-06-05,398,"2022","6","23"
"823","Bexar",2022-06-06,365,"2022","6","23"
"824","Bexar",2022-06-07,389,"2022","6","23"
"825","Bexar",2022-06-08,505,"2022","6","23"
"826","Bexar",2022-06-09,557,"2022","6","23"
"827","Bexar",2022-06-10,369,"2022","6","23"
"828","Bexar",2022-06-11,546,"2022","6","24"
"829","Bexar",2022-06-12,405,"2022","6","24"
"830","Bexar",2022-06-13,380,"2022","6","24"
"831","Bexar",2022-06-14,556,"2022","6","24"
"832","Bexar",2022-06-15,457,"2022","6","24"
"833","Bexar",2022-06-16,651,"2022","6","24"
"834","Bexar",2022-06-17,444,"2022","6","24"
"835","Bexar",2022-06-18,457,"2022","6","25"
"836","Bexar",2022-06-19,341,"2022","6","25"
"837","Bexar",2022-06-20,195,"2022","6","25"
"838","Bexar",2022-06-21,1222,"2022","6","25"
"839","Bexar",2022-06-22,462,"2022","6","25"
"840","Bexar",2022-06-23,924,"2022","6","25"
"841","Bexar",2022-06-24,825,"2022","6","25"
"842","Bexar",2022-06-25,825,"2022","6","26"
"843","Bexar",2022-06-26,684,"2022","6","26"
"844","Bexar",2022-06-27,472,"2022","6","26"
"845","Bexar",2022-06-28,788,"2022","6","26"
"846","Bexar",2022-06-29,773,"2022","6","26"
"847","Bexar",2022-06-30,888,"2022","6","26"
"848","Bexar",2022-07-01,922,"2022","7","26"
"849","Bexar",2022-07-02,835,"2022","7","27"
"850","Bexar",2022-07-03,785,"2022","7","27"
"851","Bexar",2022-07-04,633,"2022","7","27"
"852","Bexar",2022-07-05,544,"2022","7","27"
"853","Bexar",2022-07-06,571,"2022","7","27"
"854","Bexar",2022-07-07,740,"2022","7","27"
"855","Bexar",2022-07-08,783,"2022","7","27"
"856","Bexar",2022-07-09,948,"2022","7","28"
"857","Bexar",2022-07-10,840,"2022","7","28"
"858","Bexar",2022-07-11,778,"2022","7","28"
"859","Bexar",2022-07-12,587,"2022","7","28"
"860","Bexar",2022-07-13,718,"2022","7","28"
"861","Bexar",2022-07-14,778,"2022","7","28"
"862","Bexar",2022-07-15,881,"2022","7","28"
"863","Bexar",2022-07-16,854,"2022","7","29"
"864","Bexar",2022-07-17,822,"2022","7","29"
"865","Bexar",2022-07-18,689,"2022","7","29"
"866","Bexar",2022-07-19,483,"2022","7","29"
"867","Bexar",2022-07-20,568,"2022","7","29"
"868","Bexar",2022-07-21,890,"2022","7","29"
"869","Bexar",2022-07-22,891,"2022","7","29"
"870","Bexar",2022-07-23,796,"2022","7","30"
"871","Bexar",2022-07-24,756,"2022","7","30"
"872","Bexar",2022-07-25,728,"2022","7","30"
"873","Bexar",2022-07-26,561,"2022","7","30"
"874","Bexar",2022-07-27,635,"2022","7","30"
"875","Bexar",2022-07-28,654,"2022","7","30"
"876","Bexar",2022-07-29,757,"2022","7","30"
"877","Bexar",2022-07-30,739,"2022","7","31"
"878","Bexar",2022-07-31,727,"2022","7","31"
"879","Bexar",2022-08-01,489,"2022","8","31"
"880","Bexar",2022-08-02,954,"2022","8","31"
"881","Bexar",2022-08-03,542,"2022","8","31"
"882","Bexar",2022-08-04,642,"2022","8","31"
"883","Bexar",2022-08-05,684,"2022","8","31"
"884","Bexar",2022-08-06,583,"2022","8","32"
"885","Bexar",2022-08-07,528,"2022","8","32"
"886","Bexar",2022-08-08,265,"2022","8","32"
"887","Bexar",2022-08-09,555,"2022","8","32"
"888","Bexar",2022-08-10,554,"2022","8","32"
"889","Bexar",2022-08-11,499,"2022","8","32"
"890","Bexar",2022-08-12,505,"2022","8","32"
"891","Bexar",2022-08-13,623,"2022","8","33"
"892","Bexar",2022-08-14,492,"2022","8","33"
"893","Bexar",2022-08-15,407,"2022","8","33"
"894","Bexar",2022-08-16,385,"2022","8","33"
"895","Bexar",2022-08-17,532,"2022","8","33"
"896","Bexar",2022-08-18,561,"2022","8","33"
"897","Bexar",2022-08-19,516,"2022","8","33"
"898","Bexar",2022-08-20,467,"2022","8","34"
"899","Bexar",2022-08-21,480,"2022","8","34"
"900","Bexar",2022-08-22,368,"2022","8","34"
"901","Bexar",2022-08-23,314,"2022","8","34"
"902","Bexar",2022-08-24,485,"2022","8","34"
"903","Bexar",2022-08-25,456,"2022","8","34"
"904","Bexar",2022-08-26,609,"2022","8","34"
"905","Bexar",2022-08-27,522,"2022","8","35"
"906","Bexar",2022-08-28,478,"2022","8","35"
"907","Bexar",2022-08-29,226,"2022","8","35"
"908","Bexar",2022-08-30,680,"2022","8","35"
"909","Bexar",2022-08-31,465,"2022","8","35"
"910","Bexar",2022-09-01,507,"2022","9","35"
"911","Bexar",2022-09-02,661,"2022","9","35"
"912","Bexar",2022-09-03,558,"2022","9","36"
"913","Bexar",2022-09-04,390,"2022","9","36"
"914","Bexar",2022-09-05,379,"2022","9","36"
"915","Bexar",2022-09-06,295,"2022","9","36"
"916","Bexar",2022-09-07,369,"2022","9","36"
"917","Bexar",2022-09-08,320,"2022","9","36"
"918","Bexar",2022-09-09,400,"2022","9","36"
"919","Bexar",2022-09-10,400,"2022","9","37"
"920","Bexar",2022-09-11,356,"2022","9","37"
"921","Bexar",2022-09-12,244,"2022","9","37"
"922","Bexar",2022-09-13,300,"2022","9","37"
"923","Bexar",2022-09-14,240,"2022","9","37"
"924","Bexar",2022-09-15,263,"2022","9","37"
"925","Bexar",2022-09-16,319,"2022","9","37"
"926","Bexar",2022-09-17,281,"2022","9","38"
"927","Bexar",2022-09-18,199,"2022","9","38"
"928","Bexar",2022-09-19,156,"2022","9","38"
"929","Bexar",2022-09-20,196,"2022","9","38"
"930","Bexar",2022-09-21,197,"2022","9","38"
"931","Bexar",2022-09-22,251,"2022","9","38"
"932","Bexar",2022-09-23,240,"2022","9","38"
"933","Bexar",2022-09-24,231,"2022","9","39"
"934","Bexar",2022-09-25,145,"2022","9","39"
"935","Bexar",2022-09-26,115,"2022","9","39"
"936","Bexar",2022-09-27,181,"2022","9","39"
"937","Bexar",2022-09-28,162,"2022","9","39"
"938","Bexar",2022-09-29,226,"2022","9","39"
"939","Bexar",2022-09-30,148,"2022","9","39"
"940","Bexar",2022-10-01,174,"2022","10","40"
"941","Bexar",2022-10-02,106,"2022","10","40"
"942","Bexar",2022-10-03,82,"2022","10","40"
"943","Bexar",2022-10-04,124,"2022","10","40"
"944","Bexar",2022-10-05,94,"2022","10","40"
"945","Bexar",2022-10-06,109,"2022","10","40"
"946","Bexar",2022-10-07,119,"2022","10","40"
"947","Bexar",2022-10-08,126,"2022","10","41"
"948","Bexar",2022-10-09,65,"2022","10","41"
"949","Bexar",2022-10-10,65,"2022","10","41"
"950","Bexar",2022-10-11,87,"2022","10","41"
"951","Bexar",2022-10-12,102,"2022","10","41"
"952","Bexar",2022-10-13,121,"2022","10","41"
"953","Bexar",2022-10-14,147,"2022","10","41"
"954","Bexar",2022-10-15,125,"2022","10","42"
"955","Bexar",2022-10-16,101,"2022","10","42"
"956","Bexar",2022-10-17,30,"2022","10","42"
"957","Bexar",2022-10-18,121,"2022","10","42"
"958","Bexar",2022-10-19,84,"2022","10","42"
"959","Bexar",2022-10-20,103,"2022","10","42"
"960","Bexar",2022-10-21,119,"2022","10","42"
"961","Bexar",2022-10-22,111,"2022","10","43"
"962","Bexar",2022-10-23,50,"2022","10","43"
"963","Bexar",2022-10-24,45,"2022","10","43"
"964","Bexar",2022-10-25,64,"2022","10","43"
"965","Bexar",2022-10-26,99,"2022","10","43"
"966","Bexar",2022-10-27,100,"2022","10","43"
"967","Bexar",2022-10-28,136,"2022","10","43"
"968","Bexar",2022-10-29,102,"2022","10","44"
"969","Bexar",2022-10-30,67,"2022","10","44"
"970","Bexar",2022-10-31,57,"2022","10","44"
"971","Bexar",2022-11-01,91,"2022","11","44"
"972","Bexar",2022-11-02,73,"2022","11","44"
"973","Bexar",2022-11-03,104,"2022","11","44"
"974","Bexar",2022-11-04,140,"2022","11","44"
"975","Bexar",2022-11-05,125,"2022","11","45"
"976","Bexar",2022-11-06,51,"2022","11","45"
"977","Bexar",2022-11-07,81,"2022","11","45"
"978","Bexar",2022-11-08,111,"2022","11","45"
"979","Bexar",2022-11-09,95,"2022","11","45"
"980","Bexar",2022-11-10,119,"2022","11","45"
"981","Bexar",2022-11-11,167,"2022","11","45"
"982","Bexar",2022-11-12,86,"2022","11","46"
"983","Bexar",2022-11-13,74,"2022","11","46"
"984","Bexar",2022-11-14,71,"2022","11","46"
"985","Bexar",2022-11-15,130,"2022","11","46"
"986","Bexar",2022-11-16,118,"2022","11","46"
"987","Bexar",2022-11-17,164,"2022","11","46"
"988","Bexar",2022-11-18,151,"2022","11","46"
"989","Bexar",2022-11-19,135,"2022","11","47"
"990","Bexar",2022-11-20,72,"2022","11","47"
"991","Bexar",2022-11-21,70,"2022","11","47"
"992","Bexar",2022-11-22,131,"2022","11","47"
"993","Bexar",2022-11-23,165,"2022","11","47"
"994","Bexar",2022-11-24,197,"2022","11","47"
"995","Bexar",2022-11-25,89,"2022","11","47"
"996","Bexar",2022-11-26,81,"2022","11","48"
"997","Bexar",2022-11-27,42,"2022","11","48"
"998","Bexar",2022-11-28,122,"2022","11","48"
"999","Bexar",2022-11-29,184,"2022","11","48"
"1000","Bexar",2022-11-30,237,"2022","11","48"
"1001","Bexar",2022-12-01,325,"2022","12","48"
"1002","Bexar",2022-12-02,245,"2022","12","48"
"1003","Bexar",2022-12-03,254,"2022","12","49"
"1004","Bexar",2022-12-04,133,"2022","12","49"
"1005","Bexar",2022-12-05,146,"2022","12","49"
"1006","Bexar",2022-12-06,201,"2022","12","49"
"1007","Bexar",2022-12-07,234,"2022","12","49"
"1008","Bexar",2022-12-08,256,"2022","12","49"
"1009","Bexar",2022-12-09,269,"2022","12","49"
"1010","Bexar",2022-12-10,262,"2022","12","50"
"1011","Bexar",2022-12-11,171,"2022","12","50"
"1012","Bexar",2022-12-12,168,"2022","12","50"
"1013","Bexar",2022-12-13,252,"2022","12","50"
"1014","Bexar",2022-12-14,165,"2022","12","50"
"1015","Bexar",2022-12-15,293,"2022","12","50"
"1016","Bexar",2022-12-16,142,"2022","12","50"
"1017","Bexar",2022-12-17,222,"2022","12","51"
"1018","Bexar",2022-12-18,117,"2022","12","51"
"1019","Bexar",2022-12-19,123,"2022","12","51"
"1020","Bexar",2022-12-20,233,"2022","12","51"
"1021","Bexar",2022-12-21,221,"2022","12","51"
"1022","Bexar",2022-12-22,284,"2022","12","51"
"1023","Bexar",2022-12-23,290,"2022","12","51"
"1024","Bexar",2022-12-24,222,"2022","12","52"
"1025","Bexar",2022-12-25,147,"2022","12","52"
"1026","Bexar",2022-12-26,129,"2022","12","52"
"1027","Bexar",2022-12-27,91,"2022","12","52"
"1028","Bexar",2022-12-28,159,"2022","12","52"
"1029","Bexar",2022-12-29,255,"2022","12","52"
"1030","Bexar",2022-12-30,310,"2022","12","52"
"1031","Bexar",2022-12-31,263,"2022","12","53"
"1032","Bexar",2023-01-01,275,"2023","1","1"
"1033","Bexar",2023-01-02,163,"2023","1","1"
"1034","Bexar",2023-01-03,146,"2023","1","1"
"1035","Bexar",2023-01-04,207,"2023","1","1"
"1036","Bexar",2023-01-05,335,"2023","1","1"
"1037","Bexar",2023-01-06,303,"2023","1","1"
"1038","Bexar",2023-01-07,331,"2023","1","1"
"1039","Bexar",2023-01-08,206,"2023","1","2"
"1040","Bexar",2023-01-09,162,"2023","1","2"
"1041","Bexar",2023-01-10,203,"2023","1","2"
"1042","Bexar",2023-01-11,202,"2023","1","2"
"1043","Bexar",2023-01-12,216,"2023","1","2"
"1044","Bexar",2023-01-13,195,"2023","1","2"
"1045","Bexar",2023-01-14,201,"2023","1","2"
"1046","Bexar",2023-01-15,116,"2023","1","3"
"1047","Bexar",2023-01-16,94,"2023","1","3"
"1048","Bexar",2023-01-17,85,"2023","1","3"
"1049","Bexar",2023-01-18,159,"2023","1","3"
"1050","Bexar",2023-01-19,175,"2023","1","3"
"1051","Bexar",2023-01-20,143,"2023","1","3"
"1052","Bexar",2023-01-21,144,"2023","1","3"
"1053","Bexar",2023-01-22,90,"2023","1","4"
"1054","Bexar",2023-01-23,72,"2023","1","4"
"1055","Bexar",2023-01-24,134,"2023","1","4"
"1056","Bexar",2023-01-25,165,"2023","1","4"
"1057","Bexar",2023-01-26,210,"2023","1","4"
"1058","Bexar",2023-01-27,185,"2023","1","4"
"1059","Bexar",2023-01-28,161,"2023","1","4"
"1060","Bexar",2023-01-29,91,"2023","1","5"
"1061","Bexar",2023-01-30,87,"2023","1","5"
"1062","Bexar",2023-01-31,132,"2023","1","5"
"1063","Bexar",2023-02-01,96,"2023","2","5"
"1064","Bexar",2023-02-02,147,"2023","2","5"
"1065","Bexar",2023-02-03,94,"2023","2","5"
"1066","Bexar",2023-02-04,93,"2023","2","5"
"1067","Bexar",2023-02-05,74,"2023","2","6"
"1068","Bexar",2023-02-06,89,"2023","2","6"
"1069","Bexar",2023-02-07,69,"2023","2","6"
"1070","Bexar",2023-02-08,67,"2023","2","6"
"1071","Bexar",2023-02-09,117,"2023","2","6"
"1072","Bexar",2023-02-10,108,"2023","2","6"
"1073","Bexar",2023-02-11,106,"2023","2","6"
"1074","Bexar",2023-02-12,69,"2023","2","7"
"1075","Bexar",2023-02-13,64,"2023","2","7"
"1076","Bexar",2023-02-14,67,"2023","2","7"
"1077","Bexar",2023-02-15,92,"2023","2","7"
"1078","Bexar",2023-02-16,139,"2023","2","7"
"1079","Bexar",2023-02-17,77,"2023","2","7"
"1080","Bexar",2023-02-18,95,"2023","2","7"
"1081","Bexar",2023-02-19,74,"2023","2","8"
"1082","Bexar",2023-02-20,64,"2023","2","8"
"1083","Bexar",2023-02-21,46,"2023","2","8"
"1084","Bexar",2023-02-22,126,"2023","2","8"
"1085","Bexar",2023-02-23,192,"2023","2","8"
"1086","Bexar",2023-02-24,109,"2023","2","8"
"1087","Bexar",2023-02-25,97,"2023","2","8"
"1088","Bexar",2023-02-26,67,"2023","2","9"
"1089","Bexar",2023-02-27,85,"2023","2","9"
"1090","Bexar",2023-02-28,118,"2023","2","9"
"1091","Bexar",2023-03-01,98,"2023","3","9"
"1092","Bexar",2023-03-02,84,"2023","3","9"
"1093","Bexar",2023-03-03,123,"2023","3","9"
"1094","Bexar",2023-03-04,105,"2023","3","9"
"1095","Bexar",2023-03-05,1,"2023","3","10"
"1096","Bexar",2023-03-06,122,"2023","3","10"
"1097","Bexar",2023-03-07,91,"2023","3","10"
"1098","Bexar",2023-03-08,84,"2023","3","10"
"1099","Bexar",2023-03-09,96,"2023","3","10"
"1100","Bexar",2023-03-10,68,"2023","3","10"
"1101","Bexar",2023-03-11,95,"2023","3","10"
"1102","Bexar",2023-03-12,31,"2023","3","11"
"1103","Bexar",2023-03-13,2,"2023","3","11"
"1104","Bexar",2023-03-14,166,"2023","3","11"
"1105","Bexar",2023-03-15,79,"2023","3","11"
"1106","Bexar",2023-03-16,89,"2023","3","11"
"1107","Bexar",2023-03-17,76,"2023","3","11"
"1108","Bexar",2023-03-18,51,"2023","3","11"
"1109","Bexar",2023-03-19,26,"2023","3","12"
"1110","Bexar",2023-03-20,26,"2023","3","12"
"1111","Bexar",2023-03-21,34,"2023","3","12"
"1112","Bexar",2023-03-22,39,"2023","3","12"
"1113","Bexar",2023-03-23,79,"2023","3","12"
"1114","Bexar",2023-03-24,70,"2023","3","12"
"1115","Bexar",2023-03-25,51,"2023","3","12"
"1116","Bexar",2023-03-26,4,"2023","3","13"
"1117","Bexar",2023-03-27,65,"2023","3","13"
"1118","Bexar",2023-03-28,99,"2023","3","13"
"1119","Bexar",2023-03-29,45,"2023","3","13"
"1120","Bexar",2023-03-30,76,"2023","3","13"
"1121","Bexar",2023-03-31,64,"2023","3","13"
"1122","Bexar",2023-04-01,31,"2023","4","13"
"1123","Bexar",2023-04-02,32,"2023","4","14"
"1124","Bexar",2023-04-03,41,"2023","4","14"
"1125","Bexar",2023-04-04,192,"2023","4","14"
"1126","Bexar",2023-04-05,63,"2023","4","14"
"1127","Bexar",2023-04-06,77,"2023","4","14"
"1128","Bexar",2023-04-07,84,"2023","4","14"
"1129","Bexar",2023-04-08,67,"2023","4","14"
"1130","Bexar",2023-04-09,1,"2023","4","15"
"1131","Bexar",2023-04-10,68,"2023","4","15"
"1132","Bexar",2023-04-11,53,"2023","4","15"
"1133","Bexar",2023-04-12,68,"2023","4","15"
"1134","Bexar",2023-04-13,379,"2023","4","15"
"1135","Bexar",2023-04-14,74,"2023","4","15"
"1136","Bexar",2023-04-15,71,"2023","4","15"
"1137","Bexar",2023-04-16,42,"2023","4","16"
"1138","Bexar",2023-04-17,37,"2023","4","16"
"1139","Bexar",2023-04-18,174,"2023","4","16"
"1140","Bexar",2023-04-19,57,"2023","4","16"
"1141","Bexar",2023-04-20,125,"2023","4","16"
"1142","Bexar",2023-04-21,98,"2023","4","16"
"1143","Bexar",2023-04-22,76,"2023","4","16"
"1144","Bexar",2023-04-23,42,"2023","4","17"
"1145","Bexar",2023-04-24,31,"2023","4","17"
"1146","Bexar",2023-04-25,149,"2023","4","17"
"1147","Bexar",2023-04-26,47,"2023","4","17"
"1148","Bexar",2023-04-27,63,"2023","4","17"
"1149","Bexar",2023-04-28,44,"2023","4","17"
"1150","Bexar",2023-04-29,38,"2023","4","17"
"1151","Bexar",2023-04-30,33,"2023","4","18"
"1152","Bexar",2023-05-01,30,"2023","5","18"
"1153","Bexar",2023-05-02,39,"2023","5","18"
"1154","Bexar",2023-05-03,41,"2023","5","18"
"1155","Bexar",2023-05-04,44,"2023","5","18"
"1156","Bexar",2023-05-05,59,"2023","5","18"
"1157","Bexar",2023-05-06,32,"2023","5","18"
"1158","Bexar",2023-05-07,28,"2023","5","19"
"1159","Bexar",2023-05-08,24,"2023","5","19"
"1160","Bexar",2023-05-09,36,"2023","5","19"
"1161","Bexar",2023-05-10,21,"2023","5","19"
